vendor,n
Acreedores X Ti,17
Aire Y Acero Inmobiliaria,31
Airnetwork Asesores Inmob,31
Aldo,1
Alejandro Torres Mange,1
Almanza Inmobiliaria,1
Alur Bienes Raíces,2
Avitana,2
Balinter,1
Barragan Br,12
Bernadette Carral K,4
Bienesraiceslomelin,42
Blaxell 2,3
Buscatuhogarmexico,96
Business Property,1
Byg Realestate,1
C21 Solorzanoyasociados,1
Casasydepas Com,2
Cattoribr,9
Cbmobikapremium,2
Century 21covarrubias,1
Century21 Kamys,1
Century21 Levalgroup,3
Century21 Living,2
Century21 Movisa,1
Century21 Reward,1
Century21 Tega,1
Century21 Urbana,2
Century21 Viva,1
Century21bautistayasociados,3
Century21platinumrealty,2
Century21promozurangel,1
Círculo Inmobiliario,4
Circulobienesraices,10
Coldwell Banker Vive,2
Coldwellbanker Marimar,3
Coldwellbankerarsespacio,4
Coldwellbankercity,2
Coldwellbankeribanza,1
Coldwellbankerpremium,2
Colokrte,3
Constantino Bienes Raices,1
Consultores Patrimoniales,26
Contactobienesraicesgold,1
Covein Br,1
Cravioto Inmobiliaria,1
Deborahlavat,3
Diga Inmuebles,1
Distritocapitalcondesa,1
Ebranuncios,1
Eduardomarcelohernandezlopez,14
Eka Soluciones Inmobiliarias,1
Enders Inmuebles,1
Espacio Inmobili,3
Espacios Inmobiliarios,1
Espaciosurbanosmx,9
Expmexico Realtors,1
Glb Patrimonial,4
Goldstone Bienesraices,1
Gpobm3,1
Gr Inmuebles,1
Graciela Graze,1
Grand Metrópoli,1
Grupo Inmobiliario Gid13,16
Grupo Raiz Inmobiliario,5
Gruposdiazyasociados,1
Habitare Luxury Living,3
Hc Hogar Bienes Raices,4
Heyserenta Com,5
Highend Mexico,1
Hipoo Mx,1
Home Seekers,3
Homes Real Estate,2
Horacio Zamarripa Rivas,6
Houm,39
House Inm,1
Incitybienesraices,27
Inmobiliaria Sp,1
Inmobiliaria Zona 04,1
Inmobiliariahaz,2
Inmoinn,1
Inmuebles Hahn,3
Investemx,7
Jlp Realty Homes,1
Jrasesores,6
Kmk Inmobiliaria,1
Kw Pedregal,1
Licmarthasbarandalicmar,4
Lidialopeza,1
Luxence,7
Luxuryhabitatmx,10
Mater Bienes Raices,1
Melo Bueno Bienes Raíces,3
Metrica Inmobiliaria,1
Metros Cuadrados Expertos,115
Mexicosil,1
Mi Casa Propia,17
Mingobienesraices,1
Morakalli Inmobiliaria,2
Morris Lan,12
Mundo Raiz,4
Mym Consultores Inmobiliarios,1
Neximo,16
Nik Bienesraices,7
Nouhouse,3
Organizacion Serrano,4
Oscarjuarezmontao,1
Pireal Estate,12
Primer Nivel Inmobiliaria,1
Primerobienesraces,1
Profesionales Inmobiliariosmx,3
Promoluxury,2
Ps Bienesraices,3
Qia Inmobiliaria,1
Quality Gtz,1
Quality Habitat,3
Realtyworld Herrerapalacios,3
Realtyworld Rokali,1
Rematadascom,5
Remax Plus,4
Remax Prosperity,2
Remax Real Estate Consultants,3
Remax Satelite,1
Remax Servicios Inmobiliarios,1
Rent A House Cdmx,111
Safe Rent,2
Sara Goldhaber,1
Sata7784633,6
Sil Mexico,1
Sitio Capital,1
Skgasesoresinmobiliarios,3
Spacio Bienesraices,1
Sspropiedades,12
Tucasahoy,15
Universum Real Estate,1
Urban Properties,1
Urp Propiedades,4
Veronica Porraz,3
Via Inmuebles,1
Xlife Real Estate,1
Zona Ryg,36
